source_file,outcome_description,term,estimate,std.error,statistic,p.value,nct_id,model_description,model_n,outcome
oth,age_sex_como_sequence_enrolled,(Intercept),90.90609306493758,8.338660474052478,10.901762141270925,9.292533795817652e-23,NCT00034840,age_sex_como_sequence_enrolled,1,sequence_enrolled
oth,age_sex_como_sequence_enrolled,como_cnt,-2.730261077489154,3.283078706571423,-0.8316160901120807,0.40644888972187954,NCT00034840,age_sex_como_sequence_enrolled,1,sequence_enrolled
oth,age_sex_como_sequence_enrolled,age_std,-1.8258876199041543,5.145494136543332,-0.35485175406899966,0.72301098420317,NCT00034840,age_sex_como_sequence_enrolled,1,sequence_enrolled
oth,age_sex_como_sequence_enrolled,sex,2.8011997564378706,8.213111586729177,0.34106437333252304,0.7333522753445808,NCT00034840,age_sex_como_sequence_enrolled,1,sequence_enrolled
oth,age_sex_como_sequence_enrolled,(Intercept),1089.0681058847929,29.56829914823375,36.832287864276694,4.617063984862756e-230,NCT00046254,age_sex_como_sequence_enrolled,1,sequence_enrolled
oth,age_sex_como_sequence_enrolled,como_cnt,-8.11175647094671,7.013858745612688,-1.156532625642166,0.24759348381380392,NCT00046254,age_sex_como_sequence_enrolled,1,sequence_enrolled
oth,age_sex_como_sequence_enrolled,age_std,-13.359902464657628,20.002911728353784,-0.6678978863722222,0.5042713756691037,NCT00046254,age_sex_como_sequence_enrolled,1,sequence_enrolled
oth,age_sex_como_sequence_enrolled,sex,-0.186894197990909,30.996404720983566,-0.006029544383397074,0.9951897152739453,NCT00046254,age_sex_como_sequence_enrolled,1,sequence_enrolled
oth,age_sex_como_sequence_enrolled,(Intercept),32.12879266740399,0.5330682353283348,60.27144470091109,0,NCT00049829,age_sex_como_sequence_enrolled,1,sequence_enrolled
oth,age_sex_como_sequence_enrolled,como_cnt,0.21739703817348702,0.12153110114006979,1.7888181390122322,0.0736830911988574,NCT00049829,age_sex_como_sequence_enrolled,1,sequence_enrolled
oth,age_sex_como_sequence_enrolled,age_std,0.27417895107204115,0.5122893822149412,0.5352032671194499,0.5925246396318438,NCT00049829,age_sex_como_sequence_enrolled,1,sequence_enrolled
oth,age_sex_como_sequence_enrolled,(Intercept),453.76748419865106,20.02216365924915,22.663259172244114,7.14809516548504e-89,NCT00100620,age_sex_como_sequence_enrolled,1,sequence_enrolled
oth,age_sex_como_sequence_enrolled,como_cnt,-9.108756801310628,5.59158397144695,-1.6290118949878756,0.10369041376710786,NCT00100620,age_sex_como_sequence_enrolled,1,sequence_enrolled
oth,age_sex_como_sequence_enrolled,age_std,4.738631784653235,8.918095617288389,0.5313501882024056,0.5953184689614279,NCT00100620,age_sex_como_sequence_enrolled,1,sequence_enrolled
oth,age_sex_como_sequence_enrolled,sex,-26.252126758753995,17.976695959560036,-1.460342146176927,0.1445749276559355,NCT00100620,age_sex_como_sequence_enrolled,1,sequence_enrolled
oth,age_sex_como_sequence_enrolled,(Intercept),55.1931391843617,5.368167484798613,10.281560577358228,1.7491416337627393e-17,NCT00123903,age_sex_como_sequence_enrolled,1,sequence_enrolled
oth,age_sex_como_sequence_enrolled,como_cnt,-0.8956924600249916,2.188707419070003,-0.4092335285296275,0.6832180263486446,NCT00123903,age_sex_como_sequence_enrolled,1,sequence_enrolled
oth,age_sex_como_sequence_enrolled,age_std,-0.5801339699871849,3.8021725908810184,-0.1525795991950906,0.879028308651393,NCT00123903,age_sex_como_sequence_enrolled,1,sequence_enrolled
oth,age_sex_como_sequence_enrolled,sex,-5.570918506732962,5.686976942028152,-0.9795922444422994,0.3295827306592417,NCT00123903,age_sex_como_sequence_enrolled,1,sequence_enrolled
oth,age_sex_como_sequence_enrolled,(Intercept),67.1757349333763,6.792640425583828,9.889487846341071,1.5317035278098382e-18,NCT00133198,age_sex_como_sequence_enrolled,1,sequence_enrolled
oth,age_sex_como_sequence_enrolled,como_cnt,1.4728133525601912,2.1248643157288263,0.6931328940196436,0.4891610353762066,NCT00133198,age_sex_como_sequence_enrolled,1,sequence_enrolled
oth,age_sex_como_sequence_enrolled,age_std,-1.541901944875373,3.5069832038788857,-0.43966619035128485,0.6607308153462239,NCT00133198,age_sex_como_sequence_enrolled,1,sequence_enrolled
oth,age_sex_como_sequence_enrolled,sex,-7.698275146053017,6.290720228507766,-1.2237509961365967,0.22271992212406208,NCT00133198,age_sex_como_sequence_enrolled,1,sequence_enrolled
oth,age_sex_como_sequence_enrolled,(Intercept),232.88033076445052,8.05985586247226,28.893857996738095,5.76714036233046e-150,NCT00152971,age_sex_como_sequence_enrolled,1,sequence_enrolled
oth,age_sex_como_sequence_enrolled,como_cnt,3.139985394364929,1.7966938344015,1.7476463347529076,0.08070383239665468,NCT00152971,age_sex_como_sequence_enrolled,1,sequence_enrolled
oth,age_sex_como_sequence_enrolled,age_std,-9.5677170588541,5.134573496113296,-1.8633908086224784,0.06257771282422167,NCT00152971,age_sex_como_sequence_enrolled,1,sequence_enrolled
oth,age_sex_como_sequence_enrolled,sex,-0.43489874945954154,6.613790943235015,-0.06575634960224774,0.9475794551411323,NCT00152971,age_sex_como_sequence_enrolled,1,sequence_enrolled
oth,age_sex_como_sequence_enrolled,(Intercept),217.8363422154,9.145597774566133,23.818710114411758,3.401736089108582e-97,NCT00153023,age_sex_como_sequence_enrolled,1,sequence_enrolled
oth,age_sex_como_sequence_enrolled,como_cnt,-0.6336200446273699,3.0578549722054174,-0.2072106265296107,0.8358932522443158,NCT00153023,age_sex_como_sequence_enrolled,1,sequence_enrolled
oth,age_sex_como_sequence_enrolled,age_std,3.3201829962311353,7.15789432260126,0.46384912190552474,0.6428704293767018,NCT00153023,age_sex_como_sequence_enrolled,1,sequence_enrolled
oth,age_sex_como_sequence_enrolled,sex,13.359723712610274,8.930423259533443,1.495978782231676,0.13501731027300143,NCT00153023,age_sex_como_sequence_enrolled,1,sequence_enrolled
oth,age_sex_como_sequence_enrolled,(Intercept),138.86332203769274,10.181676393256334,13.63855191171334,3.1530744593054404e-34,NCT00153088,age_sex_como_sequence_enrolled,1,sequence_enrolled
oth,age_sex_como_sequence_enrolled,como_cnt,4.607971627455922,2.852101629627783,1.6156407540278608,0.10707819669510678,NCT00153088,age_sex_como_sequence_enrolled,1,sequence_enrolled
oth,age_sex_como_sequence_enrolled,age_std,-8.02399098726986,7.972242874209098,-1.0064910356943806,0.3148787332597635,NCT00153088,age_sex_como_sequence_enrolled,1,sequence_enrolled
oth,age_sex_como_sequence_enrolled,sex,-18.48961106357514,9.043333897963167,-2.0445569379827453,0.04165061463599119,NCT00153088,age_sex_como_sequence_enrolled,1,sequence_enrolled
oth,age_sex_como_sequence_enrolled,(Intercept),249.35992800763685,6.519764426719929,38.24676962033872,4.850618470273635e-248,NCT00168818,age_sex_como_sequence_enrolled,1,sequence_enrolled
oth,age_sex_como_sequence_enrolled,como_cnt,1.1235413242638348,2.4187088940011328,0.4645211034078699,0.6423185063888442,NCT00168818,age_sex_como_sequence_enrolled,1,sequence_enrolled
oth,age_sex_como_sequence_enrolled,age_std,-7.648866414379847,4.348121289694709,-1.759119836999048,0.07869039719089392,NCT00168818,age_sex_como_sequence_enrolled,1,sequence_enrolled
oth,age_sex_como_sequence_enrolled,sex,12.578235981840129,6.100883537374628,2.061707276459973,0.03934798116188102,NCT00168818,age_sex_como_sequence_enrolled,1,sequence_enrolled
oth,age_sex_como_sequence_enrolled,(Intercept),274.2589532127544,9.784781272167752,28.029134794547556,3.59529739049201e-123,NCT00168857,age_sex_como_sequence_enrolled,1,sequence_enrolled
oth,age_sex_como_sequence_enrolled,como_cnt,-6.4411318321297575,3.815638604014082,-1.6880875000461615,0.09175868733677073,NCT00168857,age_sex_como_sequence_enrolled,1,sequence_enrolled
oth,age_sex_como_sequence_enrolled,age_std,-0.6086657394698041,8.17772012340397,-0.07442975918530792,0.940685819497777,NCT00168857,age_sex_como_sequence_enrolled,1,sequence_enrolled
oth,age_sex_como_sequence_enrolled,sex,-8.73928647357797,10.575936367147204,-0.8263369001278645,0.40884326741304855,NCT00168857,age_sex_como_sequence_enrolled,1,sequence_enrolled
oth,age_sex_como_sequence_enrolled,(Intercept),495.53150463462845,5.07510332617904,97.63968786182444,0,NCT00262600,age_sex_como_sequence_enrolled,1,sequence_enrolled
oth,age_sex_como_sequence_enrolled,como_cnt,-0.44680604597624507,1.8132960441489283,-0.24640546005600192,0.8053711852495161,NCT00262600,age_sex_como_sequence_enrolled,1,sequence_enrolled
oth,age_sex_como_sequence_enrolled,age_std,-2.8701351100268697,3.7740384522217214,-0.7604944004577545,0.4469690603471411,NCT00262600,age_sex_como_sequence_enrolled,1,sequence_enrolled
oth,age_sex_como_sequence_enrolled,sex,3.004981801919582,4.466469677570696,0.6727867911003005,0.5010915651519284,NCT00262600,age_sex_como_sequence_enrolled,1,sequence_enrolled
oth,age_sex_como_sequence_enrolled,(Intercept),205.59185923894495,8.730982656937035,23.5473906336987,6.687964082168029e-86,NCT00273052,age_sex_como_sequence_enrolled,1,sequence_enrolled
oth,age_sex_como_sequence_enrolled,como_cnt,-5.190307881194054,5.273174539389919,-0.9842852426793648,0.32539733035622065,NCT00273052,age_sex_como_sequence_enrolled,1,sequence_enrolled
oth,age_sex_como_sequence_enrolled,age_std,-12.11620976241818,6.8495696462678035,-1.7689008781770788,0.07745083610840958,NCT00273052,age_sex_como_sequence_enrolled,1,sequence_enrolled
oth,age_sex_como_sequence_enrolled,sex,2.1277445011778746,9.828480593236652,0.21648763315888886,0.8286859435402697,NCT00273052,age_sex_como_sequence_enrolled,1,sequence_enrolled
oth,age_sex_como_sequence_enrolled,(Intercept),156.59369407276827,8.012420044944427,19.54386979144631,5.921403290008344e-70,NCT00274599,age_sex_como_sequence_enrolled,1,sequence_enrolled
oth,age_sex_como_sequence_enrolled,como_cnt,1.1332252252796529,2.702837896756128,0.41927236059540185,0.6751285347804359,NCT00274599,age_sex_como_sequence_enrolled,1,sequence_enrolled
oth,age_sex_como_sequence_enrolled,age_std,-2.0655783298949664,5.016725277200737,-0.4117383782768209,0.6806403890151369,NCT00274599,age_sex_como_sequence_enrolled,1,sequence_enrolled
oth,age_sex_como_sequence_enrolled,sex,-1.2443356120363003,6.982588330984668,-0.17820549530532426,0.8586062627897812,NCT00274599,age_sex_como_sequence_enrolled,1,sequence_enrolled
oth,age_sex_como_sequence_enrolled,(Intercept),164.148063636768,6.790624615463378,24.172748890135328,2.8893237956659724e-97,NCT00274612,age_sex_como_sequence_enrolled,1,sequence_enrolled
oth,age_sex_como_sequence_enrolled,como_cnt,-2.3213715087129656,2.9556852275017462,-0.7853919920542669,0.4324571832284878,NCT00274612,age_sex_como_sequence_enrolled,1,sequence_enrolled
oth,age_sex_como_sequence_enrolled,age_std,3.2329039016876155,4.778343219971665,0.6765742335492564,0.4988724319723258,NCT00274612,age_sex_como_sequence_enrolled,1,sequence_enrolled
oth,age_sex_como_sequence_enrolled,sex,4.150300571888261,6.753924525917421,0.6145020655712027,0.5390589886177635,NCT00274612,age_sex_como_sequence_enrolled,1,sequence_enrolled
oth,age_sex_como_sequence_enrolled,(Intercept),440.7467771008302,10.915923014326337,40.37650105468707,3.5373780515765304e-276,NCT00291330,age_sex_como_sequence_enrolled,1,sequence_enrolled
oth,age_sex_como_sequence_enrolled,como_cnt,4.414995524188998,4.066023151418778,1.0858264598538871,0.2776581317602018,NCT00291330,age_sex_como_sequence_enrolled,1,sequence_enrolled
oth,age_sex_como_sequence_enrolled,age_std,-0.7937872898137918,4.979381008474343,-0.15941485266197858,0.8733546281416774,NCT00291330,age_sex_como_sequence_enrolled,1,sequence_enrolled
oth,age_sex_como_sequence_enrolled,sex,2.639922530948577,10.43972654576076,0.2528727662910448,0.8003868615130282,NCT00291330,age_sex_como_sequence_enrolled,1,sequence_enrolled
oth,age_sex_como_sequence_enrolled,(Intercept),534.1283668826671,11.458763637043834,46.613088793972466,0,NCT00329238,age_sex_como_sequence_enrolled,1,sequence_enrolled
oth,age_sex_como_sequence_enrolled,como_cnt,-2.420004240853129,4.887114959690482,-0.49518054328854916,0.6205107242925096,NCT00329238,age_sex_como_sequence_enrolled,1,sequence_enrolled
oth,age_sex_como_sequence_enrolled,age_std,7.903625381940958,5.996210173851928,1.3181034608171045,0.18757457407763511,NCT00329238,age_sex_como_sequence_enrolled,1,sequence_enrolled
oth,age_sex_como_sequence_enrolled,sex,5.247002466950695,11.579744049841825,0.45311903651466007,0.6504974015496763,NCT00329238,age_sex_como_sequence_enrolled,1,sequence_enrolled
oth,age_sex_como_sequence_enrolled,(Intercept),291.9985960671532,11.995906467331988,24.341519906173183,2.019783051789721e-102,NCT00348140,age_sex_como_sequence_enrolled,1,sequence_enrolled
oth,age_sex_como_sequence_enrolled,como_cnt,-1.3066047417369235,3.441422480647911,-0.37966996179176793,0.7042739570305702,NCT00348140,age_sex_como_sequence_enrolled,1,sequence_enrolled
oth,age_sex_como_sequence_enrolled,age_std,8.469262380397755,9.633743363351728,0.8791247660401831,0.37955248310865397,NCT00348140,age_sex_como_sequence_enrolled,1,sequence_enrolled
oth,age_sex_como_sequence_enrolled,sex,-3.210983979931307,10.24220052527785,-0.31350528355762686,0.7539645572365408,NCT00348140,age_sex_como_sequence_enrolled,1,sequence_enrolled
oth,age_sex_como_sequence_enrolled,(Intercept),297.822637262011,13.026993178959954,22.86196309237559,7.037559418327402e-93,NCT00348309,age_sex_como_sequence_enrolled,1,sequence_enrolled
oth,age_sex_como_sequence_enrolled,como_cnt,2.8811272590492876,3.5387969323848085,0.8141544468638626,0.41575629677598536,NCT00348309,age_sex_como_sequence_enrolled,1,sequence_enrolled
oth,age_sex_como_sequence_enrolled,age_std,-0.3114349470355257,10.29863635289236,-0.03024040624058539,0.9758815444212634,NCT00348309,age_sex_como_sequence_enrolled,1,sequence_enrolled
oth,age_sex_como_sequence_enrolled,sex,-12.084224477977237,10.743504649283187,-1.1247935261780246,0.26095478824517143,NCT00348309,age_sex_como_sequence_enrolled,1,sequence_enrolled
oth,age_sex_como_sequence_enrolled,(Intercept),56.47517637505485,7.196004386503401,7.848129787271658,8.267402401856539e-13,NCT00402233,age_sex_como_sequence_enrolled,1,sequence_enrolled
oth,age_sex_como_sequence_enrolled,como_cnt,0.6895509661637746,1.6477260474712967,0.41848641479085835,0.676206457447471,NCT00402233,age_sex_como_sequence_enrolled,1,sequence_enrolled
oth,age_sex_como_sequence_enrolled,age_std,4.8517939915686386,4.297563377137446,1.1289639188056277,0.26076464266217253,NCT00402233,age_sex_como_sequence_enrolled,1,sequence_enrolled
oth,age_sex_como_sequence_enrolled,sex,4.1809906080353825,6.287108294768429,0.665010114668206,0.5070931216489126,NCT00402233,age_sex_como_sequence_enrolled,1,sequence_enrolled
oth,age_sex_como_sequence_enrolled,(Intercept),148.17313561072936,8.649867570111489,17.130104525845304,2.313747004239788e-47,NCT00428090,age_sex_como_sequence_enrolled,1,sequence_enrolled
oth,age_sex_como_sequence_enrolled,como_cnt,-5.82290565641024,3.2034979512484005,-1.8176711035950746,0.07003223871416006,NCT00428090,age_sex_como_sequence_enrolled,1,sequence_enrolled
oth,age_sex_como_sequence_enrolled,age_std,-4.688764506805916,7.38120219233654,-0.6352304658005412,0.5257237238933389,NCT00428090,age_sex_como_sequence_enrolled,1,sequence_enrolled
oth,age_sex_como_sequence_enrolled,sex,-6.149570542391367,8.599159911059543,-0.7151362000469706,0.475036717456065,NCT00428090,age_sex_como_sequence_enrolled,1,sequence_enrolled
oth,age_sex_como_sequence_enrolled,(Intercept),133.77075074723862,8.814657105770097,15.175944922426075,4.5196764925555044e-38,NCT00439244,age_sex_como_sequence_enrolled,1,sequence_enrolled
oth,age_sex_como_sequence_enrolled,como_cnt,0.3485705397295106,2.8951049722504303,0.12039996582872048,0.9042555331792008,NCT00439244,age_sex_como_sequence_enrolled,1,sequence_enrolled
oth,age_sex_como_sequence_enrolled,age_std,7.436312314745133,8.325714065273804,0.8931741177326367,0.37255639790517736,NCT00439244,age_sex_como_sequence_enrolled,1,sequence_enrolled
oth,age_sex_como_sequence_enrolled,(Intercept),561.7888692519306,17.79924554850172,31.562510204215936,1.4847756156388706e-159,NCT00439647,age_sex_como_sequence_enrolled,1,sequence_enrolled
oth,age_sex_como_sequence_enrolled,como_cnt,18.091826785115355,6.271904014049557,2.8845828546782992,0.0039895983245090165,NCT00439647,age_sex_como_sequence_enrolled,1,sequence_enrolled
oth,age_sex_como_sequence_enrolled,age_std,-25.048169647598574,17.665393374203962,-1.4179231176462435,0.15647369555966667,NCT00439647,age_sex_como_sequence_enrolled,1,sequence_enrolled
oth,age_sex_como_sequence_enrolled,(Intercept),86.45779752749013,9.541372656714206,9.061358426939787,1.291457972227316e-16,NCT00464269,age_sex_como_sequence_enrolled,1,sequence_enrolled
oth,age_sex_como_sequence_enrolled,como_cnt,6.02154814332177,3.287449474482148,1.8316777763619645,0.06850958068183705,NCT00464269,age_sex_como_sequence_enrolled,1,sequence_enrolled
oth,age_sex_como_sequence_enrolled,age_std,-1.4449653936474165,4.43977396781255,-0.32545922475403455,0.7451789469803958,NCT00464269,age_sex_como_sequence_enrolled,1,sequence_enrolled
oth,age_sex_como_sequence_enrolled,sex,-11.249090607061726,7.306032289501792,-1.5396989995822774,0.12523842968954438,NCT00464269,age_sex_como_sequence_enrolled,1,sequence_enrolled
oth,age_sex_como_sequence_enrolled,(Intercept),132.17725107669582,7.167969627720836,18.439984813206244,4.454350717307769e-53,NCT00466167,age_sex_como_sequence_enrolled,1,sequence_enrolled
oth,age_sex_como_sequence_enrolled,como_cnt,-5.720305696263155,2.790018949965623,-2.0502748543459313,0.04110631376841648,NCT00466167,age_sex_como_sequence_enrolled,1,sequence_enrolled
oth,age_sex_como_sequence_enrolled,age_std,6.738932746936841,6.115193658336932,1.10199825605679,0.27124419344840256,NCT00466167,age_sex_como_sequence_enrolled,1,sequence_enrolled
oth,age_sex_como_sequence_enrolled,sex,-8.15737129789715,7.654749042177019,-1.0656614936623952,0.2873350821747294,NCT00466167,age_sex_como_sequence_enrolled,1,sequence_enrolled
oth,age_sex_como_sequence_enrolled,(Intercept),123.60030371346807,7.292538959558076,16.948871222891373,1.0973836202096779e-46,NCT00472199,age_sex_como_sequence_enrolled,1,sequence_enrolled
oth,age_sex_como_sequence_enrolled,como_cnt,-3.0532180456620317,2.5369783328898765,-1.203486055075648,0.2296588128393159,NCT00472199,age_sex_como_sequence_enrolled,1,sequence_enrolled
oth,age_sex_como_sequence_enrolled,age_std,1.7542055481586316,4.914216017331432,0.3569654939815239,0.7213478837916849,NCT00472199,age_sex_como_sequence_enrolled,1,sequence_enrolled
oth,age_sex_como_sequence_enrolled,sex,-4.900202705647908,7.438866642082834,-0.6587297422334061,0.5105328829703749,NCT00472199,age_sex_como_sequence_enrolled,1,sequence_enrolled
oth,age_sex_como_sequence_enrolled,(Intercept),118.01024472929267,6.623157418297043,17.817822720516833,6.692749118811032e-50,NCT00479401,age_sex_como_sequence_enrolled,1,sequence_enrolled
oth,age_sex_como_sequence_enrolled,como_cnt,2.306654290619853,2.448547843463823,0.9420499161481604,0.3468733091676719,NCT00479401,age_sex_como_sequence_enrolled,1,sequence_enrolled
oth,age_sex_como_sequence_enrolled,age_std,-8.14870951781843,5.690355559225212,-1.4320211510522802,0.15310774204801336,NCT00479401,age_sex_como_sequence_enrolled,1,sequence_enrolled
oth,age_sex_como_sequence_enrolled,sex,-15.870337347834345,7.038018506800556,-2.254943963631166,0.024808199515001406,NCT00479401,age_sex_como_sequence_enrolled,1,sequence_enrolled
oth,age_sex_como_sequence_enrolled,(Intercept),89.60334411220356,10.221906849371873,8.765814972938205,8.854733179232007e-16,NCT00490035,age_sex_como_sequence_enrolled,1,sequence_enrolled
oth,age_sex_como_sequence_enrolled,como_cnt,8.697603005882499,4.267275018875516,2.0382100913135974,0.042872270886116205,NCT00490035,age_sex_como_sequence_enrolled,1,sequence_enrolled
oth,age_sex_como_sequence_enrolled,age_std,3.971392847419163,4.333749705198575,0.9163872206683407,0.3605899744948936,NCT00490035,age_sex_como_sequence_enrolled,1,sequence_enrolled
oth,age_sex_como_sequence_enrolled,sex,-3.9492123082522674,7.103402507818719,-0.5559606546166246,0.5788718507795516,NCT00490035,age_sex_como_sequence_enrolled,1,sequence_enrolled
oth,age_sex_como_sequence_enrolled,(Intercept),176.23083384467517,12.490512096356076,14.109176027785757,1.7322471012030123e-37,NCT00552058,age_sex_como_sequence_enrolled,1,sequence_enrolled
oth,age_sex_como_sequence_enrolled,como_cnt,5.650708169079162,3.8364263950087216,1.4729093138423983,0.14149867160732355,NCT00552058,age_sex_como_sequence_enrolled,1,sequence_enrolled
oth,age_sex_como_sequence_enrolled,age_std,1.9892739398540462,5.934365315453284,0.3352125853583552,0.7376263219262142,NCT00552058,age_sex_como_sequence_enrolled,1,sequence_enrolled
oth,age_sex_como_sequence_enrolled,sex,-4.83252758123915,9.417199989953732,-0.5131597063240124,0.6081001180448127,NCT00552058,age_sex_como_sequence_enrolled,1,sequence_enrolled
oth,age_sex_como_sequence_enrolled,(Intercept),377.10575694209604,11.604311738491464,32.49703777702192,1.4770519094315944e-171,NCT00558259,age_sex_como_sequence_enrolled,1,sequence_enrolled
oth,age_sex_como_sequence_enrolled,como_cnt,-0.6931715355834452,4.929983137526076,-0.14060322647093007,0.8882044057058124,NCT00558259,age_sex_como_sequence_enrolled,1,sequence_enrolled
oth,age_sex_como_sequence_enrolled,age_std,-0.23035439019019985,6.370729440883267,-0.03615824409555564,0.9711615341206695,NCT00558259,age_sex_como_sequence_enrolled,1,sequence_enrolled
oth,age_sex_como_sequence_enrolled,sex,-1.8725276149710897,12.137179314648856,-0.15428029581066335,0.8774118273896091,NCT00558259,age_sex_como_sequence_enrolled,1,sequence_enrolled
oth,age_sex_como_sequence_enrolled,(Intercept),242.48402357078658,6.142004399640892,39.479623880595724,4.6715786620017566e-254,NCT00657150,age_sex_como_sequence_enrolled,1,sequence_enrolled
oth,age_sex_como_sequence_enrolled,como_cnt,1.42256738458812,1.9264060105594891,0.738456678805192,0.46032147232768306,NCT00657150,age_sex_como_sequence_enrolled,1,sequence_enrolled
oth,age_sex_como_sequence_enrolled,age_std,11.388073739503733,4.226173355066326,2.6946537169024882,0.007103660402157532,NCT00657150,age_sex_como_sequence_enrolled,1,sequence_enrolled
oth,age_sex_como_sequence_enrolled,sex,-11.448703330145614,6.269984728050026,-1.8259539419494213,0.06800252455178978,NCT00657150,age_sex_como_sequence_enrolled,1,sequence_enrolled
oth,age_sex_como_sequence_enrolled,(Intercept),175.1633481791559,6.636192746244474,26.395156813111495,4.83087009220135e-119,NCT00670501,age_sex_como_sequence_enrolled,1,sequence_enrolled
oth,age_sex_como_sequence_enrolled,como_cnt,0.6246004231152914,2.2156742237015576,0.28190083922708603,0.7780732055994669,NCT00670501,age_sex_como_sequence_enrolled,1,sequence_enrolled
oth,age_sex_como_sequence_enrolled,age_std,1.3407487501881055,6.047306254349012,0.22171007946288246,0.8245812268727287,NCT00670501,age_sex_como_sequence_enrolled,1,sequence_enrolled
oth,age_sex_como_sequence_enrolled,(Intercept),393.55858008574495,9.503804932501566,41.41063320226981,7.226745175853888e-288,NCT00680186,age_sex_como_sequence_enrolled,1,sequence_enrolled
oth,age_sex_como_sequence_enrolled,como_cnt,5.40109698964649,3.7501563729493195,1.4402324736658338,0.14992292349656208,NCT00680186,age_sex_como_sequence_enrolled,1,sequence_enrolled
oth,age_sex_como_sequence_enrolled,age_std,-0.07517313329960747,4.316371514370611,-0.01741581628210907,0.9861062376111391,NCT00680186,age_sex_como_sequence_enrolled,1,sequence_enrolled
oth,age_sex_como_sequence_enrolled,sex,11.83733592829035,9.239374903383483,1.2811836354811716,0.20024427017141858,NCT00680186,age_sex_como_sequence_enrolled,1,sequence_enrolled
oth,age_sex_como_sequence_enrolled,(Intercept),144.634430383507,6.70464457675366,21.572274074748634,1.5499850700555394e-72,NCT00734474,age_sex_como_sequence_enrolled,1,sequence_enrolled
oth,age_sex_como_sequence_enrolled,como_cnt,-3.071740934295477,2.6960830235840056,-1.1393346968269897,0.2551354032971676,NCT00734474,age_sex_como_sequence_enrolled,1,sequence_enrolled
oth,age_sex_como_sequence_enrolled,age_std,7.510253460895358,5.185773044285458,1.4482418333311746,0.1482064078151684,NCT00734474,age_sex_como_sequence_enrolled,1,sequence_enrolled
oth,age_sex_como_sequence_enrolled,sex,14.56538898462614,6.5385057939426225,2.2276326493615333,0.026370729866573253,NCT00734474,age_sex_como_sequence_enrolled,1,sequence_enrolled
oth,age_sex_como_sequence_enrolled,(Intercept),56.58303362167532,1.9956161563447141,28.353665829863832,1.5549804270735099e-89,NCT00827242,age_sex_como_sequence_enrolled,1,sequence_enrolled
oth,age_sex_como_sequence_enrolled,como_cnt,-3.672488630969586,1.833835540987259,-2.002627034369982,0.04605539719649612,NCT00827242,age_sex_como_sequence_enrolled,1,sequence_enrolled
oth,age_sex_como_sequence_enrolled,age_std,8.17213666422074,2.608133946329943,3.1333270577303862,0.001887265066609373,NCT00827242,age_sex_como_sequence_enrolled,1,sequence_enrolled
oth,age_sex_como_sequence_enrolled,(Intercept),33.121717739904696,2.493040641804693,13.285670993284786,2.754914843381068e-32,NCT00848081,age_sex_como_sequence_enrolled,1,sequence_enrolled
oth,age_sex_como_sequence_enrolled,como_cnt,1.2962452628404306,0.8426109254040968,1.5383675000639012,0.12496265540615728,NCT00848081,age_sex_como_sequence_enrolled,1,sequence_enrolled
oth,age_sex_como_sequence_enrolled,age_std,7.393282851580799,1.9008162924951049,3.8895304510863657,1.2254942439732255e-4,NCT00848081,age_sex_como_sequence_enrolled,1,sequence_enrolled
oth,age_sex_como_sequence_enrolled,(Intercept),101.41875436521734,3.6903860798140835,27.481881887633467,1.3435738312317876e-94,NCT00855582,age_sex_como_sequence_enrolled,1,sequence_enrolled
oth,age_sex_como_sequence_enrolled,como_cnt,-3.179233023833528,2.1898577013684344,-1.4517989099688242,0.1473317205957718,NCT00855582,age_sex_como_sequence_enrolled,1,sequence_enrolled
oth,age_sex_como_sequence_enrolled,age_std,-7.124073124262237,4.802610777162502,-1.483375075519093,0.1387525472491034,NCT00855582,age_sex_como_sequence_enrolled,1,sequence_enrolled
oth,age_sex_como_sequence_enrolled,(Intercept),66.53306467180803,2.790674793930067,23.841210311041106,2.4053375735776e-72,NCT00861757,age_sex_como_sequence_enrolled,1,sequence_enrolled
oth,age_sex_como_sequence_enrolled,como_cnt,-2.613797748233171,1.8311842822076354,-1.4273810525951183,0.1544669600344599,NCT00861757,age_sex_como_sequence_enrolled,1,sequence_enrolled
oth,age_sex_como_sequence_enrolled,age_std,-11.255649166462058,3.821602267540832,-2.9452696482998926,0.0034686177019198285,NCT00861757,age_sex_como_sequence_enrolled,1,sequence_enrolled
oth,age_sex_como_sequence_enrolled,(Intercept),161.81999523840423,5.346203882483185,30.26820502835793,7.639641081867203e-139,NCT00926289,age_sex_como_sequence_enrolled,1,sequence_enrolled
oth,age_sex_como_sequence_enrolled,como_cnt,0.3790689102485473,2.715810449353055,0.13957855944579892,0.8890246317914463,NCT00926289,age_sex_como_sequence_enrolled,1,sequence_enrolled
oth,age_sex_como_sequence_enrolled,age_std,-10.18950015695591,4.3926901774199045,-2.3196491774753,0.02058585355591276,NCT00926289,age_sex_como_sequence_enrolled,1,sequence_enrolled
oth,age_sex_como_sequence_enrolled,sex,0.027445495436062745,6.636629237289435,0.004135457090453974,0.9967013208639751,NCT00926289,age_sex_como_sequence_enrolled,1,sequence_enrolled
oth,age_sex_como_sequence_enrolled,(Intercept),82.2434731726429,3.2842171184172657,25.042032912939014,3.5504432272743326e-79,NCT00970632,age_sex_como_sequence_enrolled,1,sequence_enrolled
oth,age_sex_como_sequence_enrolled,como_cnt,-5.207005186412378,2.29966081925165,-2.2642492070229854,0.024188201678810625,NCT00970632,age_sex_como_sequence_enrolled,1,sequence_enrolled
oth,age_sex_como_sequence_enrolled,age_std,1.657922913139567,4.278493741738836,0.38750153984466634,0.6986274077129915,NCT00970632,age_sex_como_sequence_enrolled,1,sequence_enrolled
oth,age_sex_como_sequence_enrolled,(Intercept),79.29155285729009,6.521440152592206,12.158595494550772,8.48918608551583e-28,NCT01064687,age_sex_como_sequence_enrolled,1,sequence_enrolled
oth,age_sex_como_sequence_enrolled,como_cnt,-2.6180586055273944,2.151565883736763,-1.2168154483749498,0.22465702220358016,NCT01064687,age_sex_como_sequence_enrolled,1,sequence_enrolled
oth,age_sex_como_sequence_enrolled,age_std,3.856913623385803,4.1175147705882456,0.936709116609869,0.34968227305659616,NCT01064687,age_sex_como_sequence_enrolled,1,sequence_enrolled
oth,age_sex_como_sequence_enrolled,sex,-0.013868334615788062,5.382357324611492,-0.0025766283766359014,0.9979459096705459,NCT01064687,age_sex_como_sequence_enrolled,1,sequence_enrolled
oth,age_sex_como_sequence_enrolled,(Intercept),119.55245178758295,5.2291887810265365,22.862523575619264,1.2705807286000443e-81,NCT01075282,age_sex_como_sequence_enrolled,1,sequence_enrolled
oth,age_sex_como_sequence_enrolled,como_cnt,-4.518867189938188,2.1812509675386145,-2.0716860449292573,0.0387645905607003,NCT01075282,age_sex_como_sequence_enrolled,1,sequence_enrolled
oth,age_sex_como_sequence_enrolled,age_std,8.379879097166018,3.914198593355119,2.140892675040044,0.03272567632631106,NCT01075282,age_sex_como_sequence_enrolled,1,sequence_enrolled
oth,age_sex_como_sequence_enrolled,sex,-2.1299488769877506,4.807461172249464,-0.4430506665935534,0.6579048929648839,NCT01075282,age_sex_como_sequence_enrolled,1,sequence_enrolled
oth,age_sex_como_sequence_enrolled,(Intercept),54.09586708801167,10.49129256112098,5.156263327216909,9.669414158500048e-7,NCT01087762,age_sex_como_sequence_enrolled,1,sequence_enrolled
oth,age_sex_como_sequence_enrolled,como_cnt,-3.5248055514574186,3.213823484042384,-1.0967638916571354,0.27486999579002186,NCT01087762,age_sex_como_sequence_enrolled,1,sequence_enrolled
oth,age_sex_como_sequence_enrolled,age_std,-8.275746876537049,3.94784504442797,-2.0962694288666484,0.03809115852936683,NCT01087762,age_sex_como_sequence_enrolled,1,sequence_enrolled
oth,age_sex_como_sequence_enrolled,sex,-2.6816500179401697,6.140869786050157,-0.4366889563481564,0.6630964001209868,NCT01087762,age_sex_como_sequence_enrolled,1,sequence_enrolled
oth,age_sex_como_sequence_enrolled,(Intercept),54.21476266222909,7.997792626647654,6.778715727336093,2.144546976477114e-10,NCT01087788,age_sex_como_sequence_enrolled,1,sequence_enrolled
oth,age_sex_como_sequence_enrolled,como_cnt,2.8047108304105564,2.743717702954777,1.0222301031152348,0.308196085049403,NCT01087788,age_sex_como_sequence_enrolled,1,sequence_enrolled
oth,age_sex_como_sequence_enrolled,age_std,-13.782303252986365,4.951388199749947,-2.7835230640333135,0.006017049237469181,NCT01087788,age_sex_como_sequence_enrolled,1,sequence_enrolled
oth,age_sex_como_sequence_enrolled,sex,12.537626123989313,6.8984860285523775,1.8174460413628306,0.07099662381498613,NCT01087788,age_sex_como_sequence_enrolled,1,sequence_enrolled
oth,age_sex_como_sequence_enrolled,(Intercept),120.6851289899529,4.837095388519128,24.949917108601934,1.3084872094844555e-91,NCT01126580,age_sex_como_sequence_enrolled,1,sequence_enrolled
oth,age_sex_como_sequence_enrolled,como_cnt,-3.2315304038465262,1.9055692575099001,-1.6958346652114464,0.09050115779787808,NCT01126580,age_sex_como_sequence_enrolled,1,sequence_enrolled
oth,age_sex_como_sequence_enrolled,age_std,2.029943491125376,3.597955707332164,0.5641935744202232,0.5728597259831365,NCT01126580,age_sex_como_sequence_enrolled,1,sequence_enrolled
oth,age_sex_como_sequence_enrolled,sex,2.160236263354786,4.779163356289296,0.4520113882510319,0.6514446668720276,NCT01126580,age_sex_como_sequence_enrolled,1,sequence_enrolled
oth,age_sex_como_sequence_enrolled,(Intercept),150.07915013835373,6.460693025844317,23.229574526757617,5.27554067016883e-87,NCT01164501,age_sex_como_sequence_enrolled,1,sequence_enrolled
oth,age_sex_como_sequence_enrolled,como_cnt,-1.3075898787676807,2.314208098289305,-0.5650269220534961,0.5722537603823652,NCT01164501,age_sex_como_sequence_enrolled,1,sequence_enrolled
oth,age_sex_como_sequence_enrolled,age_std,1.7644508589066616,6.006211071378259,0.29377103767047086,0.7690282586625601,NCT01164501,age_sex_como_sequence_enrolled,1,sequence_enrolled
oth,age_sex_como_sequence_enrolled,sex,1.1036315292163847,7.019658466023195,0.1572201175538984,0.8751210374910863,NCT01164501,age_sex_como_sequence_enrolled,1,sequence_enrolled
oth,age_sex_como_sequence_enrolled,(Intercept),96.32358862891112,3.4993817366575084,27.525887678923585,4.391660605443379e-108,NCT01191268,age_sex_como_sequence_enrolled,1,sequence_enrolled
oth,age_sex_como_sequence_enrolled,como_cnt,-2.7855633486986706,1.2119846031407513,-2.2983487921217223,0.021888968023522262,NCT01191268,age_sex_como_sequence_enrolled,1,sequence_enrolled
oth,age_sex_como_sequence_enrolled,age_std,-3.8839910803735034,2.602142244618137,-1.4926128993933907,0.1360703616604366,NCT01191268,age_sex_como_sequence_enrolled,1,sequence_enrolled
oth,age_sex_como_sequence_enrolled,sex,-9.198839342298184,3.201633411070897,-2.873170710453485,0.004209229104566491,NCT01191268,age_sex_como_sequence_enrolled,1,sequence_enrolled
oth,age_sex_como_sequence_enrolled,(Intercept),141.26745272721115,11.412210296313585,12.378623339323136,5.87900390202946e-31,NCT01335464,age_sex_como_sequence_enrolled,1,sequence_enrolled
oth,age_sex_como_sequence_enrolled,como_cnt,3.83301370683479,2.1654175390438772,1.770103750303614,0.07730725523722334,NCT01335464,age_sex_como_sequence_enrolled,1,sequence_enrolled
oth,age_sex_como_sequence_enrolled,age_std,-8.706552466491257,7.364551602362268,-1.1822243819567406,0.23766757777074202,NCT01335464,age_sex_como_sequence_enrolled,1,sequence_enrolled
oth,age_sex_como_sequence_enrolled,sex,17.504258950596824,10.013015179863137,1.748150645551711,0.08103966933903323,NCT01335464,age_sex_como_sequence_enrolled,1,sequence_enrolled
oth,age_sex_como_sequence_enrolled,(Intercept),163.46690747432743,10.677001098387473,15.310189253330275,2.8553913134046976e-44,NCT01335477,age_sex_como_sequence_enrolled,1,sequence_enrolled
oth,age_sex_como_sequence_enrolled,como_cnt,0.28007595598303314,2.1877955310639865,0.12801742759151918,0.8981824042020599,NCT01335477,age_sex_como_sequence_enrolled,1,sequence_enrolled
oth,age_sex_como_sequence_enrolled,age_std,-3.3883360747992834,7.993165467693553,-0.4239041576824752,0.6718029690802836,NCT01335477,age_sex_como_sequence_enrolled,1,sequence_enrolled
oth,age_sex_como_sequence_enrolled,sex,-0.518248659822,9.67624361201626,-0.053558868565320404,0.9573062537694501,NCT01335477,age_sex_como_sequence_enrolled,1,sequence_enrolled
oth,age_sex_como_sequence_enrolled,(Intercept),153.63504701731145,6.797993568663919,22.60005771784026,2.732810434302747e-80,NCT01370005,age_sex_como_sequence_enrolled,1,sequence_enrolled
oth,age_sex_como_sequence_enrolled,como_cnt,-4.047044520989338,2.7670560971503013,-1.462581306232734,0.14415839257277285,NCT01370005,age_sex_como_sequence_enrolled,1,sequence_enrolled
oth,age_sex_como_sequence_enrolled,age_std,4.98194012548821,5.692954728998359,0.8751062256145417,0.38190160112301075,NCT01370005,age_sex_como_sequence_enrolled,1,sequence_enrolled
oth,age_sex_como_sequence_enrolled,sex,-4.96704488775046,7.067440161623582,-0.7028067835256204,0.4824762533759719,NCT01370005,age_sex_como_sequence_enrolled,1,sequence_enrolled
oth,age_sex_como_sequence_enrolled,(Intercept),193.60287414657665,11.075699418209762,17.479968247266676,8.91332276983382e-59,NCT01474512,age_sex_como_sequence_enrolled,1,sequence_enrolled
oth,age_sex_como_sequence_enrolled,como_cnt,-8.764064786320317,2.3371503036821597,-3.74989352311343,1.8875071874429965e-4,NCT01474512,age_sex_como_sequence_enrolled,1,sequence_enrolled
oth,age_sex_como_sequence_enrolled,age_std,-6.595891455734183,3.292561114144944,-2.003270775263071,0.04546158826032593,NCT01474512,age_sex_como_sequence_enrolled,1,sequence_enrolled
oth,age_sex_como_sequence_enrolled,sex,-7.0852095317006,5.975225207948128,-1.1857644331591037,0.2360428546338615,NCT01474512,age_sex_como_sequence_enrolled,1,sequence_enrolled
oth,age_sex_como_sequence_enrolled,(Intercept),158.14446731322002,12.667987774262365,12.483787491058619,2.0388188457348326e-31,NCT01597245,age_sex_como_sequence_enrolled,1,sequence_enrolled
oth,age_sex_como_sequence_enrolled,como_cnt,0.13396564109589434,2.8887470492060268,0.04637499885381617,0.9630294101488202,NCT01597245,age_sex_como_sequence_enrolled,1,sequence_enrolled
oth,age_sex_como_sequence_enrolled,age_std,2.9302686539554093,3.869581092936493,0.7572573318864675,0.449243376288186,NCT01597245,age_sex_como_sequence_enrolled,1,sequence_enrolled
oth,age_sex_como_sequence_enrolled,sex,-8.599162073928445,6.9549433227543975,-1.236410086304324,0.21687194133361884,NCT01597245,age_sex_como_sequence_enrolled,1,sequence_enrolled
oth,age_sex_como_sequence_enrolled,(Intercept),80.35906119550114,3.443790000184599,23.334483575129035,5.2548870978019654e-86,NCT01624259,age_sex_como_sequence_enrolled,1,sequence_enrolled
oth,age_sex_como_sequence_enrolled,como_cnt,1.446061998496073,1.4758372303517162,0.9798248538231094,0.3275708046842418,NCT01624259,age_sex_como_sequence_enrolled,1,sequence_enrolled
oth,age_sex_como_sequence_enrolled,age_std,-4.697052576466765,2.69220336453358,-1.7446871355799387,0.08155565751932677,NCT01624259,age_sex_como_sequence_enrolled,1,sequence_enrolled
oth,age_sex_como_sequence_enrolled,sex,2.9858726624599656,3.39954437584353,0.8783155424229695,0.3801270378431342,NCT01624259,age_sex_como_sequence_enrolled,1,sequence_enrolled
oth,age_sex_como_sequence_enrolled,(Intercept),181.08435224024132,11.113129743780352,16.294631342857144,2.4900738844100825e-49,NCT01646177,age_sex_como_sequence_enrolled,1,sequence_enrolled
oth,age_sex_como_sequence_enrolled,como_cnt,-8.135583348819171,2.6318481214830345,-3.09120548500147,0.002090306895407884,NCT01646177,age_sex_como_sequence_enrolled,1,sequence_enrolled
oth,age_sex_como_sequence_enrolled,age_std,-0.8274312685408998,3.6880138105051556,-0.22435687908326044,0.8225595977724458,NCT01646177,age_sex_como_sequence_enrolled,1,sequence_enrolled
oth,age_sex_como_sequence_enrolled,sex,-8.94561419324187,6.458983589425508,-1.3849879117029207,0.16659513945632093,NCT01646177,age_sex_como_sequence_enrolled,1,sequence_enrolled
oth,age_sex_como_sequence_enrolled,(Intercept),150.23213143548102,9.123934854909383,16.46571723982055,2.6149070528111195e-46,NCT01691521,age_sex_como_sequence_enrolled,1,sequence_enrolled
oth,age_sex_como_sequence_enrolled,como_cnt,3.980488783334332,3.6198722159018426,1.0996213528887362,0.2721969597454525,NCT01691521,age_sex_como_sequence_enrolled,1,sequence_enrolled
oth,age_sex_como_sequence_enrolled,age_std,0.671772679045701,5.100152916772657,0.13171618381018943,0.8952788626371635,NCT01691521,age_sex_como_sequence_enrolled,1,sequence_enrolled
oth,age_sex_como_sequence_enrolled,sex,3.095498655792335,9.279813789593927,0.33357335890333534,0.7388864853916673,NCT01691521,age_sex_como_sequence_enrolled,1,sequence_enrolled
oth,age_sex_como_sequence_enrolled,(Intercept),83.34658403364372,7.730820388553701,10.781078830527116,4.937564614370085e-22,NCT01719003,age_sex_como_sequence_enrolled,1,sequence_enrolled
oth,age_sex_como_sequence_enrolled,como_cnt,0.8989845711835233,3.2544905124813415,0.2762289727795534,0.7826315215004992,NCT01719003,age_sex_como_sequence_enrolled,1,sequence_enrolled
oth,age_sex_como_sequence_enrolled,age_std,-10.962569492230921,5.175906846041339,-2.117999766671876,0.035297286675842976,NCT01719003,age_sex_como_sequence_enrolled,1,sequence_enrolled
oth,age_sex_como_sequence_enrolled,sex,4.6268709259358705,7.280179545109313,0.6355435188468826,0.525734510125331,NCT01719003,age_sex_como_sequence_enrolled,1,sequence_enrolled
oth,age_sex_como_sequence_enrolled,(Intercept),97.03279647951533,5.481672385759364,17.701312601532567,2.5193958842968314e-48,NCT01769378,age_sex_como_sequence_enrolled,1,sequence_enrolled
oth,age_sex_como_sequence_enrolled,como_cnt,-3.381562173972287,2.904049257144499,-1.1644300335653803,0.2451874193473816,NCT01769378,age_sex_como_sequence_enrolled,1,sequence_enrolled
oth,age_sex_como_sequence_enrolled,age_std,7.427758159164261,4.7895729574900345,1.5508184602446815,0.1220136971012372,NCT01769378,age_sex_como_sequence_enrolled,1,sequence_enrolled
oth,age_sex_como_sequence_enrolled,sex,1.000360672535191,5.664285800843937,0.17660843885846023,0.8599367401623745,NCT01769378,age_sex_como_sequence_enrolled,1,sequence_enrolled
oth,age_sex_como_sequence_enrolled,(Intercept),123.61261164246662,8.383941373115283,14.743973763802092,8.84323619330228e-39,NCT02172586,age_sex_como_sequence_enrolled,1,sequence_enrolled
oth,age_sex_como_sequence_enrolled,como_cnt,-8.861081145231626,6.52733580635921,-1.3575341315516174,0.17546666696291613,NCT02172586,age_sex_como_sequence_enrolled,1,sequence_enrolled
oth,age_sex_como_sequence_enrolled,age_std,-0.5340855706228672,6.2236190142527406,-0.08581591665552715,0.9316607267697845,NCT02172586,age_sex_como_sequence_enrolled,1,sequence_enrolled
oth,age_sex_como_sequence_enrolled,sex,11.045510333654699,8.897520264194522,1.2414144621961847,0.2152654425592699,NCT02172586,age_sex_como_sequence_enrolled,1,sequence_enrolled
oth,age_sex_como_sequence_enrolled,(Intercept),129.68317569966058,5.878093317085201,22.06211584336793,6.970026609385195e-72,NCT02175355,age_sex_como_sequence_enrolled,1,sequence_enrolled
oth,age_sex_como_sequence_enrolled,como_cnt,-2.888535203960633,3.488483922730003,-0.8280202139215064,0.40813611181574927,NCT02175355,age_sex_como_sequence_enrolled,1,sequence_enrolled
oth,age_sex_como_sequence_enrolled,age_std,3.9923800855999185,5.1475974548348,0.7755812533185046,0.4384390709270537,NCT02175355,age_sex_como_sequence_enrolled,1,sequence_enrolled
oth,age_sex_como_sequence_enrolled,sex,7.998882713458239,7.121285137124244,1.1232358428900646,0.26198827180022194,NCT02175355,age_sex_como_sequence_enrolled,1,sequence_enrolled
oth,age_sex_como_sequence_enrolled,(Intercept),122.24326546269444,8.038442124680955,15.207332909365975,5.888679855269592e-42,NCT02177396,age_sex_como_sequence_enrolled,1,sequence_enrolled
oth,age_sex_como_sequence_enrolled,como_cnt,0.25265272929940613,2.679131079780097,0.09430398206576135,0.9249124459409936,NCT02177396,age_sex_como_sequence_enrolled,1,sequence_enrolled
oth,age_sex_como_sequence_enrolled,age_std,0.7332984778654892,5.262836666338483,0.139335214895747,0.8892517348914428,NCT02177396,age_sex_como_sequence_enrolled,1,sequence_enrolled
oth,age_sex_como_sequence_enrolled,sex,2.8347516629133422,7.459973328158423,0.37999487909873425,0.7041403872424166,NCT02177396,age_sex_como_sequence_enrolled,1,sequence_enrolled
oth,age_sex_como_sequence_enrolled,(Intercept),148.77342730514377,11.115351999471288,13.384499862192426,1.4085620518503423e-33,NCT02177461,age_sex_como_sequence_enrolled,1,sequence_enrolled
oth,age_sex_como_sequence_enrolled,como_cnt,6.228746929953064,5.472648527385266,1.1381595033527667,0.25579231328904833,NCT02177461,age_sex_como_sequence_enrolled,1,sequence_enrolled
oth,age_sex_como_sequence_enrolled,age_std,-4.065017021141992,12.969595183020852,-0.3134266693584785,0.7541336151620457,NCT02177461,age_sex_como_sequence_enrolled,1,sequence_enrolled
oth,age_sex_como_sequence_enrolled,sex,3.769583809483628,8.901677122114073,0.42346894385991657,0.6721998688451105,NCT02177461,age_sex_como_sequence_enrolled,1,sequence_enrolled
oth,age_sex_como_sequence_enrolled,(Intercept),257.1397339349856,7.9430071960732205,32.373095930481796,3.170387152424871e-169,NCT02183064,age_sex_como_sequence_enrolled,1,sequence_enrolled
oth,age_sex_como_sequence_enrolled,como_cnt,-0.1261559143065323,2.4781788644501574,-0.05090670254526724,0.9594076610295901,NCT02183064,age_sex_como_sequence_enrolled,1,sequence_enrolled
oth,age_sex_como_sequence_enrolled,age_std,5.043854506418383,5.257955954295301,0.95928047900401,0.3375952926406892,NCT02183064,age_sex_como_sequence_enrolled,1,sequence_enrolled
oth,age_sex_como_sequence_enrolled,sex,-13.675241192217591,8.461628824039794,-1.6161476090000233,0.10630428808733788,NCT02183064,age_sex_como_sequence_enrolled,1,sequence_enrolled
oth,age_sex_como_sequence_enrolled,(Intercept),100.2328275381784,7.137896758304966,14.042347617532739,2.949822675521094e-32,NCT02242318,age_sex_como_sequence_enrolled,1,sequence_enrolled
oth,age_sex_como_sequence_enrolled,como_cnt,-3.232796720173367,2.9996586587668634,-1.0777215303231684,0.28236016234615197,NCT02242318,age_sex_como_sequence_enrolled,1,sequence_enrolled
oth,age_sex_como_sequence_enrolled,age_std,-0.9616005505718763,5.30336075998496,-0.18131909068441412,0.8562871501939848,NCT02242318,age_sex_como_sequence_enrolled,1,sequence_enrolled
oth,age_sex_como_sequence_enrolled,sex,-14.239542135815741,7.136755299932604,-1.9952403490631396,0.04727325963451516,NCT02242318,age_sex_como_sequence_enrolled,1,sequence_enrolled
